{
    "in_house_lnp_B16F10_luc_test_spearmanr_coeff": 0.7811643750685817,
    "in_house_lnp_B16F10_luc_test_spearmanr_p_val": 3.6498182882634195e-129,
    "in_house_lnp_B16F10_luc_test_pearsonr_coeff": 0.7882393918899833,
    "in_house_lnp_B16F10_luc_test_pearsonr_p_val": 4.583857024693415e-133,
    "in_house_lnp_B16F10_luc_test_top50pct_accuracy": 0.8295819935691319,
    "in_house_lnp_DC24_luc_test_spearmanr_coeff": 0.7547564393704893,
    "in_house_lnp_DC24_luc_test_spearmanr_p_val": 8.438721997875218e-116,
    "in_house_lnp_DC24_luc_test_pearsonr_coeff": 0.8259131775205538,
    "in_house_lnp_DC24_luc_test_pearsonr_p_val": 1.0848018204906224e-156,
    "in_house_lnp_DC24_luc_test_top50pct_accuracy": 0.8231511254019293
}