{"_timestamp":1.7754779764026651e+09,"_runtime":31885,"epoch":66,"lr":1.8629873860586566e-06,"_wandb":{"runtime":31885},"train_loss":0.7880883077384737,"val_acc":0.6786,"_step":65,"train_acc":0.7644914651493598,"val_loss":1.1885999549865722}