{"train_acc":0.99977939554379,"_timestamp":1.7732966439786837e+09,"val_loss":0.9845000060341327,"val_acc":0.7818047337278107,"_runtime":18565,"_step":59,"train_loss":0.03298475122428114,"epoch":59,"_wandb":{"runtime":18565}}