{"_wandb":{"runtime":27254},"train_acc":0.7676920341394026,"lr":0,"_runtime":27254,"val_acc":0.6754,"_step":69,"val_loss":1.1869326439857484,"epoch":70,"_timestamp":1.7750178974952893e+09,"train_loss":0.777677978255162}