{"train_acc":0.9935924818453652,"val_loss":1.5508211675995238,"val_acc":0.680089485458613,"epoch":29,"_runtime":9631,"_timestamp":1.773277076594486e+09,"train_loss":0.42353645284070973,"_step":29,"_wandb":{"runtime":9631}}