{"train_acc":0.9867577958137548,"_wandb":{"runtime":9581},"_runtime":9581,"_step":36,"val_acc":0.6674123788217748,"_timestamp":1.7732771301719458e+09,"epoch":36,"val_loss":1.6503335073045793,"train_loss":0.603532238528037}