{"_runtime":27380,"_step":49,"train_acc":0.6776538051209103,"val_loss":1.2676341259002686,"val_acc":0.6496,"_wandb":{"runtime":27380},"epoch":50,"_timestamp":1.7749204171160402e+09,"lr":0,"train_loss":1.1098067153398885}